,course_id,title,organization
0,1,Google Cybersecurity,Google
1,2,Google Data Analytics,Google
2,3,Google Project Management:,Google
3,4,Google Digital Marketing & E-commerce,Google
4,5,Google IT Support,Google
5,6,Google UX Design,Google
6,7,Machine Learning,Multiple educators
7,8,Google AI Essentials,Google
8,9,IBM Data Science,IBM
9,10,Deep Learning,DeepLearning.AI
10,11,IBM Data Analyst,IBM
11,12,IBM Generative AI Engineering,IBM
12,13,Google Cybersecurity,Google
13,14,Google Data Analytics,Google
14,15,Google Project Management:,Google
15,16,Google Digital Marketing & E-commerce,Google
16,17,Google IT Support,Google
17,18,Google UX Design,Google
18,19,Machine Learning,Multiple educators
19,20,Google AI Essentials,Google
20,21,IBM Data Science,IBM
21,22,Deep Learning,DeepLearning.AI
22,23,IBM Data Analyst,IBM
23,24,IBM Generative AI Engineering,IBM
24,25,Google Cybersecurity,Google
25,26,Google Data Analytics,Google
26,27,Google Project Management:,Google
27,28,Google Digital Marketing & E-commerce,Google
28,29,Google IT Support,Google
29,30,Google UX Design,Google
30,31,Machine Learning,Multiple educators
31,32,Google AI Essentials,Google
32,33,IBM Data Science,IBM
33,34,Deep Learning,DeepLearning.AI
34,35,IBM Data Analyst,IBM
35,36,IBM Generative AI Engineering,IBM
36,37,Google Cybersecurity,Google
37,38,Google Data Analytics,Google
38,39,Google Project Management:,Google
39,40,Google Digital Marketing & E-commerce,Google
40,41,Google IT Support,Google
41,42,Google UX Design,Google
42,43,Machine Learning,Multiple educators
43,44,Google AI Essentials,Google
44,45,IBM Data Science,IBM
45,46,Deep Learning,DeepLearning.AI
46,47,IBM Data Analyst,IBM
47,48,IBM Generative AI Engineering,IBM
48,49,Google Cybersecurity,Google
49,50,Google Data Analytics,Google
50,51,Google Project Management:,Google
51,52,Google Digital Marketing & E-commerce,Google
52,53,Google IT Support,Google
53,54,Google UX Design,Google
54,55,Machine Learning,Multiple educators
55,56,Google AI Essentials,Google
56,57,IBM Data Science,IBM
57,58,Deep Learning,DeepLearning.AI
58,59,IBM Data Analyst,IBM
59,60,IBM Generative AI Engineering,IBM
60,61,Google Cybersecurity,Google
61,62,Google Data Analytics,Google
62,63,Google Project Management:,Google
63,64,Google Digital Marketing & E-commerce,Google
64,65,Google IT Support,Google
65,66,Google UX Design,Google
66,67,Machine Learning,Multiple educators
67,68,Google AI Essentials,Google
68,69,IBM Data Science,IBM
69,70,Deep Learning,DeepLearning.AI
70,71,IBM Data Analyst,IBM
71,72,IBM Generative AI Engineering,IBM
72,73,Google Cybersecurity,Google
73,74,Google Data Analytics,Google
74,75,Google Project Management:,Google
75,76,Google Digital Marketing & E-commerce,Google
76,77,Google IT Support,Google
77,78,Google UX Design,Google
78,79,Machine Learning,Multiple educators
79,80,Google AI Essentials,Google
80,81,IBM Data Science,IBM
81,82,Deep Learning,DeepLearning.AI
82,83,IBM Data Analyst,IBM
83,84,IBM Generative AI Engineering,IBM
84,85,Google Cybersecurity,Google
85,86,Google Data Analytics,Google
86,87,Google Project Management:,Google
87,88,Google Digital Marketing & E-commerce,Google
88,89,Google IT Support,Google
89,90,Google UX Design,Google
90,91,Machine Learning,Multiple educators
91,92,Google AI Essentials,Google
92,93,IBM Data Science,IBM
93,94,Deep Learning,DeepLearning.AI
94,95,IBM Data Analyst,IBM
95,96,IBM Generative AI Engineering,IBM
96,97,Google Cybersecurity,Google
97,98,Google Data Analytics,Google
98,99,Google Project Management:,Google
99,100,Google Digital Marketing & E-commerce,Google
100,101,Google IT Support,Google
101,102,Google UX Design,Google
102,103,Machine Learning,Multiple educators
103,104,Google AI Essentials,Google
104,105,IBM Data Science,IBM
105,106,Deep Learning,DeepLearning.AI
106,107,IBM Data Analyst,IBM
107,108,IBM Generative AI Engineering,IBM
108,109,Google Cybersecurity,Google
109,110,Google Data Analytics,Google
110,111,Google Project Management:,Google
111,112,Google Digital Marketing & E-commerce,Google
112,113,Google IT Support,Google
113,114,Google UX Design,Google
114,115,Machine Learning,Multiple educators
115,116,Google AI Essentials,Google
116,117,IBM Data Science,IBM
117,118,Deep Learning,DeepLearning.AI
118,119,IBM Data Analyst,IBM
119,120,IBM Generative AI Engineering,IBM
120,121,Google Cybersecurity,Google
121,122,Google Data Analytics,Google
122,123,Google Project Management:,Google
123,124,Google Digital Marketing & E-commerce,Google
124,125,Google IT Support,Google
125,126,Google UX Design,Google
126,127,Machine Learning,Multiple educators
127,128,Google AI Essentials,Google
128,129,IBM Data Science,IBM
129,130,Deep Learning,DeepLearning.AI
130,131,IBM Data Analyst,IBM
131,132,IBM Generative AI Engineering,IBM
132,133,Google Cybersecurity,Google
133,134,Google Data Analytics,Google
134,135,Google Project Management:,Google
135,136,Google Digital Marketing & E-commerce,Google
136,137,Google IT Support,Google
137,138,Google UX Design,Google
138,139,Machine Learning,Multiple educators
139,140,Google AI Essentials,Google
140,141,IBM Data Science,IBM
141,142,Deep Learning,DeepLearning.AI
142,143,IBM Data Analyst,IBM
143,144,IBM Generative AI Engineering,IBM
144,145,Google Cybersecurity,Google
145,146,Google Data Analytics,Google
146,147,Google Project Management:,Google
147,148,Google Digital Marketing & E-commerce,Google
148,149,Google IT Support,Google
149,150,Google UX Design,Google
150,151,Machine Learning,Multiple educators
151,152,Google AI Essentials,Google
152,153,IBM Data Science,IBM
153,154,Deep Learning,DeepLearning.AI
154,155,IBM Data Analyst,IBM
155,156,IBM Generative AI Engineering,IBM
156,157,Google Cybersecurity,Google
157,158,Google Data Analytics,Google
158,159,Google Project Management:,Google
159,160,Google Digital Marketing & E-commerce,Google
160,161,Google IT Support,Google
161,162,Google UX Design,Google
162,163,Machine Learning,Multiple educators
163,164,Google AI Essentials,Google
164,165,IBM Data Science,IBM
165,166,Deep Learning,DeepLearning.AI
166,167,IBM Data Analyst,IBM
167,168,IBM Generative AI Engineering,IBM
168,169,Google Cybersecurity,Google
169,170,Google Data Analytics,Google
170,171,Google Project Management:,Google
171,172,Google Digital Marketing & E-commerce,Google
172,173,Google IT Support,Google
173,174,Google UX Design,Google
174,175,Machine Learning,Multiple educators
175,176,Google AI Essentials,Google
176,177,IBM Data Science,IBM
177,178,Deep Learning,DeepLearning.AI
178,179,IBM Data Analyst,IBM
179,180,IBM Generative AI Engineering,IBM
180,181,Google Cybersecurity,Google
181,182,Google Data Analytics,Google
182,183,Google Project Management:,Google
183,184,Google Digital Marketing & E-commerce,Google
184,185,Google IT Support,Google
185,186,Google UX Design,Google
186,187,Machine Learning,Multiple educators
187,188,Google AI Essentials,Google
188,189,IBM Data Science,IBM
189,190,Deep Learning,DeepLearning.AI
190,191,IBM Data Analyst,IBM
191,192,IBM Generative AI Engineering,IBM
192,193,Google Cybersecurity,Google
193,194,Google Data Analytics,Google
194,195,Google Project Management:,Google
195,196,Google Digital Marketing & E-commerce,Google
196,197,Google IT Support,Google
197,198,Google UX Design,Google
198,199,Machine Learning,Multiple educators
199,200,Google AI Essentials,Google
200,201,IBM Data Science,IBM
201,202,Deep Learning,DeepLearning.AI
202,203,IBM Data Analyst,IBM
203,204,IBM Generative AI Engineering,IBM
204,205,Google Cybersecurity,Google
205,206,Google Data Analytics,Google
206,207,Google Project Management:,Google
207,208,Google Digital Marketing & E-commerce,Google
208,209,Google IT Support,Google
209,210,Google UX Design,Google
210,211,Machine Learning,Multiple educators
211,212,Google AI Essentials,Google
212,213,IBM Data Science,IBM
213,214,Deep Learning,DeepLearning.AI
214,215,IBM Data Analyst,IBM
215,216,IBM Generative AI Engineering,IBM
216,217,Google Cybersecurity,Google
217,218,Google Data Analytics,Google
218,219,Google Project Management:,Google
219,220,Google Digital Marketing & E-commerce,Google
220,221,Google IT Support,Google
221,222,Google UX Design,Google
222,223,Machine Learning,Multiple educators
223,224,Google AI Essentials,Google
224,225,IBM Data Science,IBM
225,226,Deep Learning,DeepLearning.AI
226,227,IBM Data Analyst,IBM
227,228,IBM Generative AI Engineering,IBM
228,229,Google Cybersecurity,Google
229,230,Google Data Analytics,Google
230,231,Google Project Management:,Google
231,232,Google Digital Marketing & E-commerce,Google
232,233,Google IT Support,Google
233,234,Google UX Design,Google
234,235,Machine Learning,Multiple educators
235,236,Google AI Essentials,Google
236,237,IBM Data Science,IBM
237,238,Deep Learning,DeepLearning.AI
238,239,IBM Data Analyst,IBM
239,240,IBM Generative AI Engineering,IBM
240,241,Google Cybersecurity,Google
241,242,Google Data Analytics,Google
242,243,Google Project Management:,Google
243,244,Google Digital Marketing & E-commerce,Google
244,245,Google IT Support,Google
245,246,Google UX Design,Google
246,247,Machine Learning,Multiple educators
247,248,Google AI Essentials,Google
248,249,IBM Data Science,IBM
249,250,Deep Learning,DeepLearning.AI
250,251,IBM Data Analyst,IBM
251,252,IBM Generative AI Engineering,IBM
252,253,Google Cybersecurity,Google
253,254,Google Data Analytics,Google
254,255,Google Project Management:,Google
255,256,Google Digital Marketing & E-commerce,Google
256,257,Google IT Support,Google
257,258,Google UX Design,Google
258,259,Machine Learning,Multiple educators
259,260,Google AI Essentials,Google
260,261,IBM Data Science,IBM
261,262,Deep Learning,DeepLearning.AI
262,263,IBM Data Analyst,IBM
263,264,IBM Generative AI Engineering,IBM
264,265,Google Cybersecurity,Google
265,266,Google Data Analytics,Google
266,267,Google Project Management:,Google
267,268,Google Digital Marketing & E-commerce,Google
268,269,Google IT Support,Google
269,270,Google UX Design,Google
270,271,Machine Learning,Multiple educators
271,272,Google AI Essentials,Google
272,273,IBM Data Science,IBM
273,274,Deep Learning,DeepLearning.AI
274,275,IBM Data Analyst,IBM
275,276,IBM Generative AI Engineering,IBM
276,277,Google Cybersecurity,Google
277,278,Google Data Analytics,Google
278,279,Google Project Management:,Google
279,280,Google Digital Marketing & E-commerce,Google
280,281,Google IT Support,Google
281,282,Google UX Design,Google
282,283,Machine Learning,Multiple educators
283,284,Google AI Essentials,Google
284,285,IBM Data Science,IBM
285,286,Deep Learning,DeepLearning.AI
286,287,IBM Data Analyst,IBM
287,288,IBM Generative AI Engineering,IBM
288,289,Google Cybersecurity,Google
289,290,Google Data Analytics,Google
290,291,Google Project Management:,Google
291,292,Google Digital Marketing & E-commerce,Google
292,293,Google IT Support,Google
293,294,Google UX Design,Google
294,295,Machine Learning,Multiple educators
295,296,Google AI Essentials,Google
296,297,IBM Data Science,IBM
297,298,Deep Learning,DeepLearning.AI
298,299,IBM Data Analyst,IBM
299,300,IBM Generative AI Engineering,IBM
300,301,Google Cybersecurity,Google
301,302,Google Data Analytics,Google
302,303,Google Project Management:,Google
303,304,Google Digital Marketing & E-commerce,Google
304,305,Google IT Support,Google
305,306,Google UX Design,Google
306,307,Machine Learning,Multiple educators
307,308,Google AI Essentials,Google
308,309,IBM Data Science,IBM
309,310,Deep Learning,DeepLearning.AI
310,311,IBM Data Analyst,IBM
311,312,IBM Generative AI Engineering,IBM
312,313,Google Cybersecurity,Google
313,314,Google Data Analytics,Google
314,315,Google Project Management:,Google
315,316,Google Digital Marketing & E-commerce,Google
316,317,Google IT Support,Google
317,318,Google UX Design,Google
318,319,Machine Learning,Multiple educators
319,320,Google AI Essentials,Google
320,321,IBM Data Science,IBM
321,322,Deep Learning,DeepLearning.AI
322,323,IBM Data Analyst,IBM
323,324,IBM Generative AI Engineering,IBM
324,325,Google Cybersecurity,Google
325,326,Google Data Analytics,Google
326,327,Google Project Management:,Google
327,328,Google Digital Marketing & E-commerce,Google
328,329,Google IT Support,Google
329,330,Google UX Design,Google
330,331,Machine Learning,Multiple educators
331,332,Google AI Essentials,Google
332,333,IBM Data Science,IBM
333,334,Deep Learning,DeepLearning.AI
334,335,IBM Data Analyst,IBM
335,336,IBM Generative AI Engineering,IBM
336,337,Google Cybersecurity,Google
337,338,Google Data Analytics,Google
338,339,Google Project Management:,Google
339,340,Google Digital Marketing & E-commerce,Google
340,341,Google IT Support,Google
341,342,Google UX Design,Google
342,343,Machine Learning,Multiple educators
343,344,Google AI Essentials,Google
344,345,IBM Data Science,IBM
345,346,Deep Learning,DeepLearning.AI
346,347,IBM Data Analyst,IBM
347,348,IBM Generative AI Engineering,IBM
348,349,Google Cybersecurity,Google
349,350,Google Data Analytics,Google
350,351,Google Project Management:,Google
351,352,Google Digital Marketing & E-commerce,Google
352,353,Google IT Support,Google
353,354,Google UX Design,Google
354,355,Machine Learning,Multiple educators
355,356,Google AI Essentials,Google
356,357,IBM Data Science,IBM
357,358,Deep Learning,DeepLearning.AI
358,359,IBM Data Analyst,IBM
359,360,IBM Generative AI Engineering,IBM
360,361,Google Cybersecurity,Google
361,362,Google Data Analytics,Google
362,363,Google Project Management:,Google
363,364,Google Digital Marketing & E-commerce,Google
364,365,Google IT Support,Google
365,366,Google UX Design,Google
366,367,Machine Learning,Multiple educators
367,368,Google AI Essentials,Google
368,369,IBM Data Science,IBM
369,370,Deep Learning,DeepLearning.AI
370,371,IBM Data Analyst,IBM
371,372,IBM Generative AI Engineering,IBM
372,373,Google Cybersecurity,Google
373,374,Google Data Analytics,Google
374,375,Google Project Management:,Google
375,376,Google Digital Marketing & E-commerce,Google
376,377,Google IT Support,Google
377,378,Google UX Design,Google
378,379,Machine Learning,Multiple educators
379,380,Google AI Essentials,Google
380,381,IBM Data Science,IBM
381,382,Deep Learning,DeepLearning.AI
382,383,IBM Data Analyst,IBM
383,384,IBM Generative AI Engineering,IBM
384,385,Google Cybersecurity,Google
385,386,Google Data Analytics,Google
386,387,Google Project Management:,Google
387,388,Google Digital Marketing & E-commerce,Google
388,389,Google IT Support,Google
389,390,Google UX Design,Google
390,391,Machine Learning,Multiple educators
391,392,Google AI Essentials,Google
392,393,IBM Data Science,IBM
393,394,Deep Learning,DeepLearning.AI
394,395,IBM Data Analyst,IBM
395,396,IBM Generative AI Engineering,IBM
396,397,Google Cybersecurity,Google
397,398,Google Data Analytics,Google
398,399,Google Project Management:,Google
399,400,Google Digital Marketing & E-commerce,Google
400,401,Google IT Support,Google
401,402,Google UX Design,Google
402,403,Machine Learning,Multiple educators
403,404,Google AI Essentials,Google
404,405,IBM Data Science,IBM
405,406,Deep Learning,DeepLearning.AI
406,407,IBM Data Analyst,IBM
407,408,IBM Generative AI Engineering,IBM
408,409,Google Cybersecurity,Google
409,410,Google Data Analytics,Google
410,411,Google Project Management:,Google
411,412,Google Digital Marketing & E-commerce,Google
412,413,Google IT Support,Google
413,414,Google UX Design,Google
414,415,Machine Learning,Multiple educators
415,416,Google AI Essentials,Google
416,417,IBM Data Science,IBM
417,418,Deep Learning,DeepLearning.AI
418,419,IBM Data Analyst,IBM
419,420,IBM Generative AI Engineering,IBM
420,421,Google Cybersecurity,Google
421,422,Google Data Analytics,Google
422,423,Google Project Management:,Google
423,424,Google Digital Marketing & E-commerce,Google
424,425,Google IT Support,Google
425,426,Google UX Design,Google
426,427,Machine Learning,Multiple educators
427,428,Google AI Essentials,Google
428,429,IBM Data Science,IBM
429,430,Deep Learning,DeepLearning.AI
430,431,IBM Data Analyst,IBM
431,432,IBM Generative AI Engineering,IBM
432,433,Google Cybersecurity,Google
433,434,Google Data Analytics,Google
434,435,Google Project Management:,Google
435,436,Google Digital Marketing & E-commerce,Google
436,437,Google IT Support,Google
437,438,Google UX Design,Google
438,439,Machine Learning,Multiple educators
439,440,Google AI Essentials,Google
440,441,IBM Data Science,IBM
441,442,Deep Learning,DeepLearning.AI
442,443,IBM Data Analyst,IBM
443,444,IBM Generative AI Engineering,IBM
444,445,Google Cybersecurity,Google
445,446,Google Data Analytics,Google
446,447,Google Project Management:,Google
447,448,Google Digital Marketing & E-commerce,Google
448,449,Google IT Support,Google
449,450,Google UX Design,Google
450,451,Machine Learning,Multiple educators
451,452,Google AI Essentials,Google
452,453,IBM Data Science,IBM
453,454,Deep Learning,DeepLearning.AI
454,455,IBM Data Analyst,IBM
455,456,IBM Generative AI Engineering,IBM
456,457,Google Cybersecurity,Google
457,458,Google Data Analytics,Google
458,459,Google Project Management:,Google
459,460,Google Digital Marketing & E-commerce,Google
460,461,Google IT Support,Google
461,462,Google UX Design,Google
462,463,Machine Learning,Multiple educators
463,464,Google AI Essentials,Google
464,465,IBM Data Science,IBM
465,466,Deep Learning,DeepLearning.AI
466,467,IBM Data Analyst,IBM
467,468,IBM Generative AI Engineering,IBM
468,469,Google Cybersecurity,Google
469,470,Google Data Analytics,Google
470,471,Google Project Management:,Google
471,472,Google Digital Marketing & E-commerce,Google
472,473,Google IT Support,Google
473,474,Google UX Design,Google
474,475,Machine Learning,Multiple educators
475,476,Google AI Essentials,Google
476,477,IBM Data Science,IBM
477,478,Deep Learning,DeepLearning.AI
478,479,IBM Data Analyst,IBM
479,480,IBM Generative AI Engineering,IBM
480,481,Google Cybersecurity,Google
481,482,Google Data Analytics,Google
482,483,Google Project Management:,Google
483,484,Google Digital Marketing & E-commerce,Google
484,485,Google IT Support,Google
485,486,Google UX Design,Google
486,487,Machine Learning,Multiple educators
487,488,Google AI Essentials,Google
488,489,IBM Data Science,IBM
489,490,Deep Learning,DeepLearning.AI
490,491,IBM Data Analyst,IBM
491,492,IBM Generative AI Engineering,IBM
492,493,Google Cybersecurity,Google
493,494,Google Data Analytics,Google
494,495,Google Project Management:,Google
495,496,Google Digital Marketing & E-commerce,Google
496,497,Google IT Support,Google
497,498,Google UX Design,Google
498,499,Machine Learning,Multiple educators
499,500,Google AI Essentials,Google
500,501,IBM Data Science,IBM
501,502,Deep Learning,DeepLearning.AI
502,503,IBM Data Analyst,IBM
503,504,IBM Generative AI Engineering,IBM
504,505,Google Cybersecurity,Google
505,506,Google Data Analytics,Google
506,507,Google Project Management:,Google
507,508,Google Digital Marketing & E-commerce,Google
508,509,Google IT Support,Google
509,510,Google UX Design,Google
510,511,Machine Learning,Multiple educators
511,512,Google AI Essentials,Google
512,513,IBM Data Science,IBM
513,514,Deep Learning,DeepLearning.AI
514,515,IBM Data Analyst,IBM
515,516,IBM Generative AI Engineering,IBM
516,517,Google Cybersecurity,Google
517,518,Google Data Analytics,Google
518,519,Google Project Management:,Google
519,520,Google Digital Marketing & E-commerce,Google
520,521,Google IT Support,Google
521,522,Google UX Design,Google
522,523,Machine Learning,Multiple educators
523,524,Google AI Essentials,Google
524,525,IBM Data Science,IBM
525,526,Deep Learning,DeepLearning.AI
526,527,IBM Data Analyst,IBM
527,528,IBM Generative AI Engineering,IBM
528,529,Google Cybersecurity,Google
529,530,Google Data Analytics,Google
530,531,Google Project Management:,Google
531,532,Google Digital Marketing & E-commerce,Google
532,533,Google IT Support,Google
533,534,Google UX Design,Google
534,535,Machine Learning,Multiple educators
535,536,Google AI Essentials,Google
536,537,IBM Data Science,IBM
537,538,Deep Learning,DeepLearning.AI
538,539,IBM Data Analyst,IBM
539,540,IBM Generative AI Engineering,IBM
540,541,Google Cybersecurity,Google
541,542,Google Data Analytics,Google
542,543,Google Project Management:,Google
543,544,Google Digital Marketing & E-commerce,Google
544,545,Google IT Support,Google
545,546,Google UX Design,Google
546,547,Machine Learning,Multiple educators
547,548,Google AI Essentials,Google
548,549,IBM Data Science,IBM
549,550,Deep Learning,DeepLearning.AI
550,551,IBM Data Analyst,IBM
551,552,IBM Generative AI Engineering,IBM
552,553,Google Cybersecurity,Google
553,554,Google Data Analytics,Google
554,555,Google Project Management:,Google
555,556,Google Digital Marketing & E-commerce,Google
556,557,Google IT Support,Google
557,558,Google UX Design,Google
558,559,Machine Learning,Multiple educators
559,560,Google AI Essentials,Google
560,561,IBM Data Science,IBM
561,562,Deep Learning,DeepLearning.AI
562,563,IBM Data Analyst,IBM
563,564,IBM Generative AI Engineering,IBM
564,565,Google Cybersecurity,Google
565,566,Google Data Analytics,Google
566,567,Google Project Management:,Google
567,568,Google Digital Marketing & E-commerce,Google
568,569,Google IT Support,Google
569,570,Google UX Design,Google
570,571,Machine Learning,Multiple educators
571,572,Google AI Essentials,Google
572,573,IBM Data Science,IBM
573,574,Deep Learning,DeepLearning.AI
574,575,IBM Data Analyst,IBM
575,576,IBM Generative AI Engineering,IBM
576,577,Google Cybersecurity,Google
577,578,Google Data Analytics,Google
578,579,Google Project Management:,Google
579,580,Google Digital Marketing & E-commerce,Google
580,581,Google IT Support,Google
581,582,Google UX Design,Google
582,583,Machine Learning,Multiple educators
583,584,Google AI Essentials,Google
584,585,IBM Data Science,IBM
585,586,Deep Learning,DeepLearning.AI
586,587,IBM Data Analyst,IBM
587,588,IBM Generative AI Engineering,IBM
588,589,Google Cybersecurity,Google
589,590,Google Data Analytics,Google
590,591,Google Project Management:,Google
591,592,Google Digital Marketing & E-commerce,Google
592,593,Google IT Support,Google
593,594,Google UX Design,Google
594,595,Machine Learning,Multiple educators
595,596,Google AI Essentials,Google
596,597,IBM Data Science,IBM
597,598,Deep Learning,DeepLearning.AI
598,599,IBM Data Analyst,IBM
599,600,IBM Generative AI Engineering,IBM
600,601,Google Cybersecurity,Google
601,602,Google Data Analytics,Google
602,603,Google Project Management:,Google
603,604,Google Digital Marketing & E-commerce,Google
604,605,Google IT Support,Google
605,606,Google UX Design,Google
606,607,Machine Learning,Multiple educators
607,608,Google AI Essentials,Google
608,609,IBM Data Science,IBM
609,610,Deep Learning,DeepLearning.AI
610,611,IBM Data Analyst,IBM
611,612,IBM Generative AI Engineering,IBM
612,613,Google Cybersecurity,Google
613,614,Google Data Analytics,Google
614,615,Google Project Management:,Google
615,616,Google Digital Marketing & E-commerce,Google
616,617,Google IT Support,Google
617,618,Google UX Design,Google
618,619,Machine Learning,Multiple educators
619,620,Google AI Essentials,Google
620,621,IBM Data Science,IBM
621,622,Deep Learning,DeepLearning.AI
622,623,IBM Data Analyst,IBM
623,624,IBM Generative AI Engineering,IBM
624,625,Google Cybersecurity,Google
625,626,Google Data Analytics,Google
626,627,Google Project Management:,Google
627,628,Google Digital Marketing & E-commerce,Google
628,629,Google IT Support,Google
629,630,Google UX Design,Google
630,631,Machine Learning,Multiple educators
631,632,Google AI Essentials,Google
632,633,IBM Data Science,IBM
633,634,Deep Learning,DeepLearning.AI
634,635,IBM Data Analyst,IBM
635,636,IBM Generative AI Engineering,IBM
636,637,Google Cybersecurity,Google
637,638,Google Data Analytics,Google
638,639,Google Project Management:,Google
639,640,Google Digital Marketing & E-commerce,Google
640,641,Google IT Support,Google
641,642,Google UX Design,Google
642,643,Machine Learning,Multiple educators
643,644,Google AI Essentials,Google
644,645,IBM Data Science,IBM
645,646,Deep Learning,DeepLearning.AI
646,647,IBM Data Analyst,IBM
647,648,IBM Generative AI Engineering,IBM
648,649,Google Cybersecurity,Google
649,650,Google Data Analytics,Google
650,651,Google Project Management:,Google
651,652,Google Digital Marketing & E-commerce,Google
652,653,Google IT Support,Google
653,654,Google UX Design,Google
654,655,Machine Learning,Multiple educators
655,656,Google AI Essentials,Google
656,657,IBM Data Science,IBM
657,658,Deep Learning,DeepLearning.AI
658,659,IBM Data Analyst,IBM
659,660,IBM Generative AI Engineering,IBM
660,661,Google Cybersecurity,Google
661,662,Google Data Analytics,Google
662,663,Google Project Management:,Google
663,664,Google Digital Marketing & E-commerce,Google
664,665,Google IT Support,Google
665,666,Google UX Design,Google
666,667,Machine Learning,Multiple educators
667,668,Google AI Essentials,Google
668,669,IBM Data Science,IBM
669,670,Deep Learning,DeepLearning.AI
670,671,IBM Data Analyst,IBM
671,672,IBM Generative AI Engineering,IBM
672,673,Google Cybersecurity,Google
673,674,Google Data Analytics,Google
674,675,Google Project Management:,Google
675,676,Google Digital Marketing & E-commerce,Google
676,677,Google IT Support,Google
677,678,Google UX Design,Google
678,679,Machine Learning,Multiple educators
679,680,Google AI Essentials,Google
680,681,IBM Data Science,IBM
681,682,Deep Learning,DeepLearning.AI
682,683,IBM Data Analyst,IBM
683,684,IBM Generative AI Engineering,IBM
684,685,Google Cybersecurity,Google
685,686,Google Data Analytics,Google
686,687,Google Project Management:,Google
687,688,Google Digital Marketing & E-commerce,Google
688,689,Google IT Support,Google
689,690,Google UX Design,Google
690,691,Machine Learning,Multiple educators
691,692,Google AI Essentials,Google
692,693,IBM Data Science,IBM
693,694,Deep Learning,DeepLearning.AI
694,695,IBM Data Analyst,IBM
695,696,IBM Generative AI Engineering,IBM
696,697,Google Cybersecurity,Google
697,698,Google Data Analytics,Google
698,699,Google Project Management:,Google
699,700,Google Digital Marketing & E-commerce,Google
700,701,Google IT Support,Google
701,702,Google UX Design,Google
702,703,Machine Learning,Multiple educators
703,704,Google AI Essentials,Google
704,705,IBM Data Science,IBM
705,706,Deep Learning,DeepLearning.AI
706,707,IBM Data Analyst,IBM
707,708,IBM Generative AI Engineering,IBM
708,709,Google Cybersecurity,Google
709,710,Google Data Analytics,Google
710,711,Google Project Management:,Google
711,712,Google Digital Marketing & E-commerce,Google
712,713,Google IT Support,Google
713,714,Google UX Design,Google
714,715,Machine Learning,Multiple educators
715,716,Google AI Essentials,Google
716,717,IBM Data Science,IBM
717,718,Deep Learning,DeepLearning.AI
718,719,IBM Data Analyst,IBM
719,720,IBM Generative AI Engineering,IBM
720,721,Google Cybersecurity,Google
721,722,Google Data Analytics,Google
722,723,Google Project Management:,Google
723,724,Google Digital Marketing & E-commerce,Google
724,725,Google IT Support,Google
725,726,Google UX Design,Google
726,727,Machine Learning,Multiple educators
727,728,Google AI Essentials,Google
728,729,IBM Data Science,IBM
729,730,Deep Learning,DeepLearning.AI
730,731,IBM Data Analyst,IBM
731,732,IBM Generative AI Engineering,IBM
732,733,Google Cybersecurity,Google
733,734,Google Data Analytics,Google
734,735,Google Project Management:,Google
735,736,Google Digital Marketing & E-commerce,Google
736,737,Google IT Support,Google
737,738,Google UX Design,Google
738,739,Machine Learning,Multiple educators
739,740,Google AI Essentials,Google
740,741,IBM Data Science,IBM
741,742,Deep Learning,DeepLearning.AI
742,743,IBM Data Analyst,IBM
743,744,IBM Generative AI Engineering,IBM
744,745,Google Cybersecurity,Google
745,746,Google Data Analytics,Google
746,747,Google Project Management:,Google
747,748,Google Digital Marketing & E-commerce,Google
748,749,Google IT Support,Google
749,750,Google UX Design,Google
750,751,Machine Learning,Multiple educators
751,752,Google AI Essentials,Google
752,753,IBM Data Science,IBM
753,754,Deep Learning,DeepLearning.AI
754,755,IBM Data Analyst,IBM
755,756,IBM Generative AI Engineering,IBM
756,757,Google Cybersecurity,Google
757,758,Google Data Analytics,Google
758,759,Google Project Management:,Google
759,760,Google Digital Marketing & E-commerce,Google
760,761,Google IT Support,Google
761,762,Google UX Design,Google
762,763,Machine Learning,Multiple educators
763,764,Google AI Essentials,Google
764,765,IBM Data Science,IBM
765,766,Deep Learning,DeepLearning.AI
766,767,IBM Data Analyst,IBM
767,768,IBM Generative AI Engineering,IBM
768,769,Google Cybersecurity,Google
769,770,Google Data Analytics,Google
770,771,Google Project Management:,Google
771,772,Google Digital Marketing & E-commerce,Google
772,773,Google IT Support,Google
773,774,Google UX Design,Google
774,775,Machine Learning,Multiple educators
775,776,Google AI Essentials,Google
776,777,IBM Data Science,IBM
777,778,Deep Learning,DeepLearning.AI
778,779,IBM Data Analyst,IBM
779,780,IBM Generative AI Engineering,IBM
780,781,Google Cybersecurity,Google
781,782,Google Data Analytics,Google
782,783,Google Project Management:,Google
783,784,Google Digital Marketing & E-commerce,Google
784,785,Google IT Support,Google
785,786,Google UX Design,Google
786,787,Machine Learning,Multiple educators
787,788,Google AI Essentials,Google
788,789,IBM Data Science,IBM
789,790,Deep Learning,DeepLearning.AI
790,791,IBM Data Analyst,IBM
791,792,IBM Generative AI Engineering,IBM
792,793,Google Cybersecurity,Google
793,794,Google Data Analytics,Google
794,795,Google Project Management:,Google
795,796,Google Digital Marketing & E-commerce,Google
796,797,Google IT Support,Google
797,798,Google UX Design,Google
798,799,Machine Learning,Multiple educators
799,800,Google AI Essentials,Google
800,801,IBM Data Science,IBM
801,802,Deep Learning,DeepLearning.AI
802,803,IBM Data Analyst,IBM
803,804,IBM Generative AI Engineering,IBM
804,805,Google Cybersecurity,Google
805,806,Google Data Analytics,Google
806,807,Google Project Management:,Google
807,808,Google Digital Marketing & E-commerce,Google
808,809,Google IT Support,Google
809,810,Google UX Design,Google
810,811,Machine Learning,Multiple educators
811,812,Google AI Essentials,Google
812,813,IBM Data Science,IBM
813,814,Deep Learning,DeepLearning.AI
814,815,IBM Data Analyst,IBM
815,816,IBM Generative AI Engineering,IBM
816,817,Google Cybersecurity,Google
817,818,Google Data Analytics,Google
818,819,Google Project Management:,Google
819,820,Google Digital Marketing & E-commerce,Google
820,821,Google IT Support,Google
821,822,Google UX Design,Google
822,823,Machine Learning,Multiple educators
823,824,Google AI Essentials,Google
824,825,IBM Data Science,IBM
825,826,Deep Learning,DeepLearning.AI
826,827,IBM Data Analyst,IBM
827,828,IBM Generative AI Engineering,IBM
828,829,Google Cybersecurity,Google
829,830,Google Data Analytics,Google
830,831,Google Project Management:,Google
831,832,Google Digital Marketing & E-commerce,Google
832,833,Google IT Support,Google
833,834,Google UX Design,Google
834,835,Machine Learning,Multiple educators
835,836,Google AI Essentials,Google
836,837,IBM Data Science,IBM
837,838,Deep Learning,DeepLearning.AI
838,839,IBM Data Analyst,IBM
839,840,IBM Generative AI Engineering,IBM
840,841,Google Cybersecurity,Google
841,842,Google Data Analytics,Google
842,843,Google Project Management:,Google
843,844,Google Digital Marketing & E-commerce,Google
844,845,Google IT Support,Google
845,846,Google UX Design,Google
846,847,Machine Learning,Multiple educators
847,848,Google AI Essentials,Google
848,849,IBM Data Science,IBM
849,850,Deep Learning,DeepLearning.AI
850,851,IBM Data Analyst,IBM
851,852,IBM Generative AI Engineering,IBM
852,853,Google Cybersecurity,Google
853,854,Google Data Analytics,Google
854,855,Google Project Management:,Google
855,856,Google Digital Marketing & E-commerce,Google
856,857,Google IT Support,Google
857,858,Google UX Design,Google
858,859,Machine Learning,Multiple educators
859,860,Google AI Essentials,Google
860,861,IBM Data Science,IBM
861,862,Deep Learning,DeepLearning.AI
862,863,IBM Data Analyst,IBM
863,864,IBM Generative AI Engineering,IBM
864,865,Google Cybersecurity,Google
865,866,Google Data Analytics,Google
866,867,Google Project Management:,Google
867,868,Google Digital Marketing & E-commerce,Google
868,869,Google IT Support,Google
869,870,Google UX Design,Google
870,871,Machine Learning,Multiple educators
871,872,Google AI Essentials,Google
872,873,IBM Data Science,IBM
873,874,Deep Learning,DeepLearning.AI
874,875,IBM Data Analyst,IBM
875,876,IBM Generative AI Engineering,IBM
876,877,Google Cybersecurity,Google
877,878,Google Data Analytics,Google
878,879,Google Project Management:,Google
879,880,Google Digital Marketing & E-commerce,Google
880,881,Google IT Support,Google
881,882,Google UX Design,Google
882,883,Machine Learning,Multiple educators
883,884,Google AI Essentials,Google
884,885,IBM Data Science,IBM
885,886,Deep Learning,DeepLearning.AI
886,887,IBM Data Analyst,IBM
887,888,IBM Generative AI Engineering,IBM
888,889,Google Cybersecurity,Google
889,890,Google Data Analytics,Google
890,891,Google Project Management:,Google
891,892,Google Digital Marketing & E-commerce,Google
892,893,Google IT Support,Google
893,894,Google UX Design,Google
894,895,Machine Learning,Multiple educators
895,896,Google AI Essentials,Google
896,897,IBM Data Science,IBM
897,898,Deep Learning,DeepLearning.AI
898,899,IBM Data Analyst,IBM
899,900,IBM Generative AI Engineering,IBM
900,901,Google Cybersecurity,Google
901,902,Google Data Analytics,Google
902,903,Google Project Management:,Google
903,904,Google Digital Marketing & E-commerce,Google
904,905,Google IT Support,Google
905,906,Google UX Design,Google
906,907,Machine Learning,Multiple educators
907,908,Google AI Essentials,Google
908,909,IBM Data Science,IBM
909,910,Deep Learning,DeepLearning.AI
910,911,IBM Data Analyst,IBM
911,912,IBM Generative AI Engineering,IBM
912,913,Google Cybersecurity,Google
913,914,Google Data Analytics,Google
914,915,Google Project Management:,Google
915,916,Google Digital Marketing & E-commerce,Google
916,917,Google IT Support,Google
917,918,Google UX Design,Google
918,919,Machine Learning,Multiple educators
919,920,Google AI Essentials,Google
920,921,IBM Data Science,IBM
921,922,Deep Learning,DeepLearning.AI
922,923,IBM Data Analyst,IBM
923,924,IBM Generative AI Engineering,IBM
924,925,Google Cybersecurity,Google
925,926,Google Data Analytics,Google
926,927,Google Project Management:,Google
927,928,Google Digital Marketing & E-commerce,Google
928,929,Google IT Support,Google
929,930,Google UX Design,Google
930,931,Machine Learning,Multiple educators
931,932,Google AI Essentials,Google
932,933,IBM Data Science,IBM
933,934,Deep Learning,DeepLearning.AI
934,935,IBM Data Analyst,IBM
935,936,IBM Generative AI Engineering,IBM
936,937,Google Cybersecurity,Google
937,938,Google Data Analytics,Google
938,939,Google Project Management:,Google
939,940,Google Digital Marketing & E-commerce,Google
940,941,Google IT Support,Google
941,942,Google UX Design,Google
942,943,Machine Learning,Multiple educators
943,944,Google AI Essentials,Google
944,945,IBM Data Science,IBM
945,946,Deep Learning,DeepLearning.AI
946,947,IBM Data Analyst,IBM
947,948,IBM Generative AI Engineering,IBM
948,949,Google Cybersecurity,Google
949,950,Google Data Analytics,Google
950,951,Google Project Management:,Google
951,952,Google Digital Marketing & E-commerce,Google
952,953,Google IT Support,Google
953,954,Google UX Design,Google
954,955,Machine Learning,Multiple educators
955,956,Google AI Essentials,Google
956,957,IBM Data Science,IBM
957,958,Deep Learning,DeepLearning.AI
958,959,IBM Data Analyst,IBM
959,960,IBM Generative AI Engineering,IBM
960,961,Google Cybersecurity,Google
961,962,Google Data Analytics,Google
962,963,Google Project Management:,Google
963,964,Google Digital Marketing & E-commerce,Google
964,965,Google IT Support,Google
965,966,Google UX Design,Google
966,967,Machine Learning,Multiple educators
967,968,Google AI Essentials,Google
968,969,IBM Data Science,IBM
969,970,Deep Learning,DeepLearning.AI
970,971,IBM Data Analyst,IBM
971,972,IBM Generative AI Engineering,IBM
972,973,Google Cybersecurity,Google
973,974,Google Data Analytics,Google
974,975,Google Project Management:,Google
975,976,Google Digital Marketing & E-commerce,Google
976,977,Google IT Support,Google
977,978,Google UX Design,Google
978,979,Machine Learning,Multiple educators
979,980,Google AI Essentials,Google
980,981,IBM Data Science,IBM
981,982,Deep Learning,DeepLearning.AI
982,983,IBM Data Analyst,IBM
983,984,IBM Generative AI Engineering,IBM
984,985,Google Cybersecurity,Google
985,986,Google Data Analytics,Google
986,987,Google Project Management:,Google
987,988,Google Digital Marketing & E-commerce,Google
988,989,Google IT Support,Google
989,990,Google UX Design,Google
990,991,Machine Learning,Multiple educators
991,992,Google AI Essentials,Google
992,993,IBM Data Science,IBM
993,994,Deep Learning,DeepLearning.AI
994,995,IBM Data Analyst,IBM
995,996,IBM Generative AI Engineering,IBM
996,997,Google Cybersecurity,Google
997,998,Google Data Analytics,Google
998,999,Google Project Management:,Google
999,1000,Google Digital Marketing & E-commerce,Google
1000,1001,Google IT Support,Google
1001,1002,Google UX Design,Google
1002,1003,Machine Learning,Multiple educators
1003,1004,Google AI Essentials,Google
1004,1005,IBM Data Science,IBM
1005,1006,Deep Learning,DeepLearning.AI
1006,1007,IBM Data Analyst,IBM
1007,1008,IBM Generative AI Engineering,IBM
